,등록일시,사망자,일일사망자,확진자,일일확진자,기준일,누적의심자,누적확진율
0,2020-03-10 00:00:00.000,54,0.0,7513,0.0,20200310,210144.0,3.919308057
1,2020-03-11 00:00:00.000,60,6.0,7755,242.0,20200311,222395.0,3.804174536
2,2020-03-12 00:00:00.000,66,6.0,7869,114.0,20200312,234998.0,3.621744273
3,2020-03-13 00:00:00.000,67,1.0,7979,110.0,20200313,248647.0,3.458499309
4,2020-03-14 00:00:00.000,72,5.0,8086,107.0,20200314,261335.0,3.318000336
5,2020-03-15 00:00:00.000,75,3.0,8162,76.0,20200315,268212.0,3.239660237
6,2020-03-16 00:00:00.000,75,0.0,8236,74.0,20200316,274504.0,3.173392208
7,2020-03-17 00:00:00.000,81,6.0,8320,84.0,20200317,286716.0,3.088057901
8,2020-03-18 00:00:00.000,84,3.0,8413,93.0,20200318,295647.0,3.012162506
9,2020-03-19 00:00:00.000,91,7.0,8565,152.0,20200319,307024.0,2.942085738
10,2020-03-20 00:00:00.000,94,3.0,8652,87.0,20200320,316664.0,2.873091828
11,2020-03-21 00:00:00.000,102,8.0,8799,147.0,20200321,327509.0,2.82195603
12,2020-03-22 00:00:00.000,104,2.0,8897,98.0,20200322,331780.0,2.804501324
13,2020-03-23 00:00:00.000,111,7.0,8961,64.0,20200323,338036.0,2.762262336
14,2020-03-24 00:00:00.000,120,9.0,9037,76.0,20200324,348582.0,2.712657065
15,2020-03-25 00:00:00.000,126,6.0,9137,100.0,20200325,357896.0,2.659057442
16,2020-03-26 00:00:00.000,131,5.0,9241,104.0,20200326,364942.0,2.635970254
17,2020-03-27 00:00:00.000,139,8.0,9332,91.0,20200327,376961.0,2.579739151
18,2020-03-28 00:00:00.000,144,5.0,9478,146.0,20200328,387925.0,2.552233541
19,2020-03-29 00:00:00.000,152,8.0,9583,105.0,20200329,394141.0,2.527742388
20,2020-03-30 00:00:00.000,158,6.0,9661,78.0,20200330,398902.0,2.506934876
21,2020-03-31 00:00:00.000,162,4.0,9786,125.0,20200331,410564.0,2.485825764
22,2020-04-01 00:00:00.000,165,3.0,9887,101.0,20200401,421547.0,2.441463644
23,2020-04-02 00:00:00.000,169,4.0,9976,89.0,20200402,431743.0,2.410488622
24,2020-04-03 00:00:00.000,174,5.0,10062,86.0,20200403,443273.0,2.371072072
25,2020-04-04 00:00:00.000,177,3.0,10156,94.0,20200404,455032.0,2.33531392
26,2020-04-05 00:00:00.000,183,6.0,10237,81.0,20200405,461233.0,2.317835811
27,2020-04-06 00:00:00.000,186,3.0,10284,47.0,20200406,466804.0,2.298054341
28,2020-04-07 00:00:00.000,192,6.0,10331,47.0,20200407,477304.0,2.262325524
29,2020-04-08 00:00:00.000,200,8.0,10384,53.0,20200408,486003.0,2.218116182
30,2020-04-09 00:00:00.000,204,4.0,10423,39.0,20200409,494711.0,2.175074395
31,2020-04-10 00:00:00.000,208,4.0,10450,27.0,20200410,503051.0,2.142477853
32,2020-04-11 00:00:00.000,211,3.0,10480,30.0,20200411,510479.0,2.111162368
33,2020-04-12 00:00:00.000,214,3.0,10512,32.0,20200412,514621.0,2.098903227
34,2020-04-13 00:00:00.000,217,3.0,10537,25.0,20200413,518743.0,2.08508129
35,2020-04-14 00:00:00.000,222,5.0,10564,27.0,20200414,527438.0,2.060114628
36,2020-04-15 00:00:00.000,225,3.0,10591,27.0,20200415,534552.0,2.038589022
37,2020-04-16 00:00:00.000,229,4.0,10613,22.0,20200416,538775.0,2.023423901
38,2020-04-17 00:00:00.000,230,1.0,10635,22.0,20200417,546463.0,1.998019828
39,2020-04-18 00:00:00.000,232,2.0,10653,18.0,20200418,554834.0,1.968098078
40,2020-04-19 00:00:00.000,234,2.0,10661,8.0,20200419,559109.0,1.949472083
41,2020-04-20 00:00:00.000,236,2.0,10674,13.0,20200420,563035.0,1.937015247
42,2020-04-21 00:00:00.000,237,1.0,10683,9.0,20200421,571014.0,1.913511364
43,2020-04-22 00:00:00.000,238,1.0,10694,11.0,20200422,577959.0,1.88994023
44,2020-04-23 00:00:00.000,240,2.0,10702,8.0,20200423,583971.0,1.865005786
45,2020-04-24 00:00:00.000,240,0.0,10708,6.0,20200424,589520.0,1.846461581
46,2020-04-25 00:00:00.000,240,0.0,10718,10.0,20200425,595161.0,1.829316166
47,2020-04-26 00:00:00.000,242,2.0,10728,10.0,20200426,598285.0,1.820508208
48,2020-04-27 00:00:00.000,243,1.0,10738,10.0,20200427,601660.0,1.811510464
49,2020-04-28 00:00:00.000,244,1.0,10752,14.0,20200428,608514.0,1.794060179
50,2020-04-29 00:00:00.000,246,2.0,10761,9.0,20200429,614197.0,1.776064962
51,2020-04-30 00:00:00.000,247,1.0,10765,4.0,20200430,619881.0,1.761153838
52,2020-05-01 00:00:00.000,248,1.0,10774,9.0,20200501,623069.0,1.753626397
53,2020-05-02 00:00:00.000,250,2.0,10780,6.0,20200502,627562.0,1.741332911
54,2020-05-03 00:00:00.000,250,0.0,10793,13.0,20200503,630973.0,1.734135623
55,2020-05-04 00:00:00.000,252,2.0,10801,8.0,20200504,633921.0,1.726102486
56,2020-05-05 00:00:00.000,254,2.0,10804,3.0,20200505,640237.0,1.711175063
57,2020-05-06 00:00:00.000,255,1.0,10806,2.0,20200506,643095.0,1.701501844
58,2020-05-07 00:00:00.000,256,1.0,10810,4.0,20200507,649388.0,1.686535332
59,2020-05-08 00:00:00.000,256,0.0,10822,12.0,20200508,654863.0,1.675242571
60,2020-05-09 00:00:00.000,256,0.0,10840,18.0,20200509,660030.0,1.665445238
61,2020-05-10 00:00:00.000,256,0.0,10874,34.0,20200510,663886.0,1.663306606
62,2020-05-11 00:00:00.000,256,0.0,10909,35.0,20200511,668492.0,1.658986876
63,2020-05-12 00:00:00.000,258,2.0,10936,27.0,20200512,680890.0,1.645600096
64,2020-05-13 00:00:00.000,259,1.0,10962,26.0,20200513,695920.0,1.62078005
65,2020-05-15 00:00:00.000,260,1.0,11018,56.0,20200515,726747.0,1.558698039
66,2020-05-16 00:00:00.000,262,2.0,11037,19.0,20200516,740645.0,1.528031211
67,2020-05-17 00:00:00.000,262,0.0,11050,13.0,20200517,747653.0,1.513713145
68,2020-05-18 00:00:00.000,263,1.0,11065,15.0,20200518,753211.0,1.501116511
69,2020-05-19 00:00:00.000,263,0.0,11078,13.0,20200519,765574.0,1.479732158
70,2020-05-20 00:00:00.000,263,0.0,11110,32.0,20200520,776433.0,1.461684397
71,2020-05-21 00:00:00.000,264,1.0,11122,12.0,20200521,788684.0,1.443300307
72,2020-05-22 00:00:00.000,264,0.0,11142,20.0,20200522,802418.0,1.42456772
73,2020-05-23 00:00:00.000,266,2.0,11165,23.0,20200523,814420.0,1.408209109
74,2020-05-24 00:00:00.000,266,0.0,11190,25.0,20200524,820289.0,1.398826935
75,2020-05-25 00:00:00.000,267,1.0,11206,16.0,20200525,826437.0,1.388001209
76,2020-05-26 00:00:00.000,269,2.0,11225,19.0,20200526,839475.0,1.373204589
77,2020-05-27 00:00:00.000,269,0.0,11265,40.0,20200527,852876.0,1.354267475
78,2020-05-28 00:00:00.000,269,0.0,11344,79.0,20200528,868666.0,1.340429353
79,2020-05-29 00:00:00.000,269,0.0,11402,58.0,20200529,885120.0,1.324946576
80,2020-05-30 00:00:00.000,269,0.0,11441,39.0,20200530,902901.0,1.305151819
81,2020-05-31 00:00:00.000,270,1.0,11468,27.0,20200531,910822.0,1.292128248
82,2020-06-01 00:00:00.000,271,1.0,11503,35.0,20200601,921391.0,1.281909837
83,2020-06-02 00:00:00.000,272,1.0,11541,38.0,20200602,939851.0,1.266948357
84,2020-06-03 00:00:00.000,273,1.0,11590,49.0,20200603,956852.0,1.247595499
85,2020-06-04 00:00:00.000,273,0.0,11629,39.0,20200604,973858.0,1.229724457
86,2020-06-05 00:00:00.000,273,0.0,11668,39.0,20200605,990960.0,1.212645267
87,2020-06-06 00:00:00.000,273,0.0,11719,51.0,20200606,1005305.0,1.199057452
88,2020-06-07 00:00:00.000,273,0.0,11776,57.0,20200607,1012769.0,1.193971741
89,2020-06-08 00:00:00.000,273,0.0,11813,37.0,20200608,1018214.0,1.188621911
90,2020-06-09 00:00:00.000,274,1.0,11851,38.0,20200609,1035997.0,1.175067276
91,2020-06-10 00:00:00.000,276,2.0,11901,50.0,20200610,1051972.0,1.160225357
92,2020-06-11 00:00:00.000,276,0.0,11946,45.0,20200611,1066888.0,1.147116269
93,2020-06-12 00:00:00.000,277,1.0,12002,56.0,20200612,1081486.0,1.135217859
94,2020-06-13 00:00:00.000,277,0.0,12050,48.0,20200613,1094704.0,1.124747049
95,2020-06-14 00:00:00.000,277,0.0,12084,34.0,20200614,1100327.0,1.119955958
96,2020-06-15 00:00:00.000,277,0.0,12121,37.0,20200615,1105719.0,1.117219055
97,2020-06-16 00:00:00.000,278,1.0,12155,34.0,20200616,1119767.0,1.107885538
98,2020-06-17 00:00:00.000,279,1.0,12198,43.0,20200617,1132823.0,1.097599821
99,2020-06-18 00:00:00.000,280,1.0,12257,59.0,20200618,1145712.0,1.090482367
100,2020-06-19 00:00:00.000,280,0.0,12306,49.0,20200619,1158063.0,1.082442806
101,2020-06-20 00:00:00.000,280,0.0,12373,67.0,20200620,1170901.0,1.07644565
102,2020-06-21 00:00:00.000,280,0.0,12421,48.0,20200621,1176463.0,1.074116736
103,2020-06-22 00:00:00.000,280,0.0,12438,17.0,20200622,1182066.0,1.069785484
104,2020-06-23 00:00:00.000,281,1.0,12484,46.0,20200623,1196012.0,1.063614073
105,2020-06-24 00:00:00.000,281,0.0,12535,51.0,20200624,1208597.0,1.05482214
106,2020-06-25 00:00:00.000,282,1.0,12563,28.0,20200625,1220478.0,1.045541779
107,2020-06-26 00:00:00.000,282,0.0,12602,39.0,20200626,1232315.0,1.03849485
108,2020-06-27 00:00:00.000,282,0.0,12653,51.0,20200627,1243780.0,1.033814467
109,2020-06-28 00:00:00.000,282,0.0,12715,62.0,20200628,1251695.0,1.03148399
110,2020-06-29 00:00:00.000,282,0.0,12757,42.0,20200629,1259954.0,1.027584568
111,2020-06-30 00:00:00.000,282,0.0,12799,42.0,20200630,1273765.0,1.021504347
112,2020-07-01 00:00:00.000,282,0.0,12850,51.0,20200701,1285231.0,1.015244468
113,2020-07-02 00:00:00.000,282,0.0,12904,54.0,20200702,1295962.0,1.011142629
114,2020-07-03 00:00:00.000,282,0.0,12965,61.0,20200703,1307759.0,1.00800887
115,2020-07-04 00:00:00.000,283,1.0,13028,63.0,20200704,1319521.0,1.00431699
116,2020-07-05 00:00:00.000,283,0.0,13089,61.0,20200705,1326055.0,1.003445246
117,2020-07-06 00:00:00.000,284,1.0,13137,48.0,20200706,1331796.0,1.002438756
118,2020-07-07 00:00:00.000,285,1.0,13181,44.0,20200707,1346194.0,0.996658649
119,2020-07-08 00:00:00.000,285,0.0,13243,62.0,20200708,1359734.0,0.991448819
120,2020-07-09 00:00:00.000,287,2.0,13293,50.0,20200709,1371771.0,0.986230756
121,2020-07-10 00:00:00.000,288,1.0,13338,45.0,20200710,1384890.0,0.97975338
122,2020-07-11 00:00:00.000,288,0.0,13373,35.0,20200711,1396941.0,0.973296041
123,2020-07-12 00:00:00.000,289,1.0,13417,44.0,20200712,1402144.0,0.972025206
124,2020-07-13 00:00:00.000,289,0.0,13479,62.0,20200713,1408312.0,0.972183254
125,2020-07-14 00:00:00.000,289,0.0,13512,33.0,20200714,1420616.0,0.967681639
126,2020-07-15 00:00:00.000,289,0.0,13551,39.0,20200715,1431316.0,0.96241599
127,2020-07-16 00:00:00.000,291,2.0,13612,61.0,20200716,1441348.0,0.959981494
128,2020-07-17 00:00:00.000,293,2.0,13672,60.0,20200717,1451017.0,0.957485326
129,2020-07-18 00:00:00.000,294,1.0,13711,39.0,20200718,1460204.0,0.953954028
130,2020-07-19 00:00:00.000,295,1.0,13745,34.0,20200719,1465299.0,0.952301111
131,2020-07-20 00:00:00.000,296,1.0,13771,26.0,20200720,1470193.0,0.950451069
132,2020-07-21 00:00:00.000,296,0.0,13816,45.0,20200721,1482390.0,0.947257711
133,2020-07-22 00:00:00.000,297,1.0,13879,63.0,20200722,1492071.0,0.943944175
134,2020-07-23 00:00:00.000,297,0.0,13938,59.0,20200723,1500854.0,0.942115779
135,2020-07-24 00:00:00.000,298,1.0,13979,41.0,20200724,1510327.0,0.938334022
136,2020-07-25 00:00:00.000,298,0.0,14092,113.0,20200725,1518634.0,0.940122872
137,2020-07-26 00:00:00.000,298,0.0,14150,58.0,20200726,1522926.0,0.94100466
138,2020-07-27 00:00:00.000,299,1.0,14175,25.0,20200727,1526974.0,0.939859595
139,2020-07-28 00:00:00.000,300,1.0,14203,28.0,20200728,1537704.0,0.93609533
140,2020-07-29 00:00:00.000,300,0.0,14251,48.0,20200729,1547307.0,0.932668665
141,2020-07-30 00:00:00.000,300,0.0,14269,18.0,20200730,1556215.0,0.928247973
142,2020-07-31 00:00:00.000,301,1.0,14305,36.0,20200731,1563796.0,0.925610787
143,2020-08-01 00:00:00.000,301,0.0,14336,31.0,20200801,1571830.0,0.922788552
144,2020-08-02 00:00:00.000,301,0.0,14366,30.0,20200802,1576246.0,0.921796779
145,2020-08-03 00:00:00.000,301,0.0,14389,23.0,20200803,1579757.0,0.920980878
146,2020-08-04 00:00:00.000,301,0.0,14423,34.0,20200804,1589780.0,0.918044933
147,2020-08-05 00:00:00.000,302,1.0,14456,33.0,20200805,1598187.0,0.915112202
148,2020-08-06 00:00:00.000,302,0.0,14499,43.0,20200806,1606487.0,0.912773158
149,2020-08-07 00:00:00.000,303,1.0,14519,20.0,20200807,1613652.0,0.909379024
150,2020-08-08 00:00:00.000,304,1.0,14562,43.0,20200808,1620514.0,0.907623929
151,2020-08-09 00:00:00.000,305,1.0,14598,36.0,20200809,1624650.0,0.907922209
152,2020-08-10 00:00:00.000,305,0.0,14626,28.0,20200810,1628303.0,0.907372448
153,2020-08-11 00:00:00.000,305,0.0,14660,34.0,20200811,1637844.0,0.904740011
154,2020-08-12 00:00:00.000,305,0.0,14714,54.0,20200812,1646652.0,0.903099964
155,2020-08-13 00:00:00.000,305,0.0,14770,56.0,20200813,1654898.0,0.902205119
156,2020-08-14 00:00:00.000,305,0.0,14873,103.0,20200814,1665084.0,0.904160121
157,2020-08-15 00:00:00.000,305,0.0,15039,166.0,20200815,1675296.0,0.909427349
158,2020-08-16 00:00:00.000,305,0.0,15318,279.0,20200816,1681787.0,0.922892283
159,2020-08-17 00:00:00.000,305,0.0,15515,197.0,20200817,1688470.0,0.931548731
160,2020-08-18 00:00:00.000,306,1.0,15761,246.0,20200818,1697042.0,0.942743341
161,2020-08-19 00:00:00.000,306,0.0,16058,297.0,20200819,1715064.0,0.953539164
162,2020-08-20 00:00:00.000,307,1.0,16346,288.0,20200820,1734083.0,0.96204722
163,2020-08-21 00:00:00.000,309,2.0,16670,324.0,20200821,1754123.0,0.971401067
164,2020-08-22 00:00:00.000,309,0.0,17002,332.0,20200822,1775800.0,0.980862169
165,2020-08-23 00:00:00.000,309,0.0,17398,396.0,20200823,1791186.0,0.997808011
166,2020-08-24 00:00:00.000,309,0.0,17664,266.0,20200824,1804422.0,1.005678004
167,2020-08-25 00:00:00.000,310,1.0,17944,280.0,20200825,1825837.0,1.010659119
168,2020-08-26 00:00:00.000,312,2.0,18264,320.0,20200826,1849506.0,1.016524082
169,2020-08-27 00:00:00.000,313,1.0,18705,441.0,20200827,1869579.0,1.029139418
170,2020-08-28 00:00:00.000,316,3.0,19076,371.0,20200828,1887717.0,1.038428835
171,2020-08-29 00:00:00.000,321,5.0,19399,323.0,20200829,1909329.0,1.045608675
172,2020-08-30 00:00:00.000,323,2.0,19698,299.0,20200830,1924170.0,1.055542725
173,2020-08-31 00:00:00.000,324,1.0,19946,248.0,20200831,1937689.0,1.061062989
174,2020-09-01 00:00:00.000,324,0.0,20181,235.0,20200901,1959080.0,1.060853045
175,2020-09-02 00:00:00.000,326,2.0,20448,267.0,20200902,1980295.0,1.063036151
176,2020-09-03 00:00:00.000,329,3.0,20643,195.0,20200903,2000552.0,1.061321482
177,2020-09-04 00:00:00.000,331,2.0,20841,198.0,20200904,2018906.0,1.059726234
178,2020-09-05 00:00:00.000,333,2.0,21009,168.0,20200905,2037045.0,1.058404972
179,2020-09-06 00:00:00.000,334,1.0,21176,167.0,20200906,2045935.0,1.060754971
180,2020-09-07 00:00:00.000,336,2.0,21295,119.0,20200907,2051297.0,1.062525072
181,2020-09-08 00:00:00.000,341,5.0,21431,136.0,20200908,2066078.0,1.059520208
182,2020-09-09 00:00:00.000,344,3.0,21587,156.0,20200909,2082234.0,1.0552373
183,2020-09-10 00:00:00.000,346,2.0,21742,155.0,20200910,2099591.0,1.052079941
184,2020-09-11 00:00:00.000,350,4.0,21918,176.0,20200911,2119211.0,1.048814521
185,2020-09-12 00:00:00.000,355,5.0,22054,136.0,20200912,2135457.0,1.046388101
186,2020-09-13 00:00:00.000,358,3.0,22175,121.0,20200913,2143270.0,1.048183346
187,2020-09-14 00:00:00.000,363,5.0,22284,109.0,20200914,2151002.0,1.049386728
188,2020-09-15 00:00:00.000,367,4.0,22390,106.0,20200915,2164578.0,1.047599084
189,2020-09-16 00:00:00.000,367,0.0,22503,113.0,20200916,2178832.0,1.045197609
190,2020-09-17 00:00:00.000,372,5.0,22656,153.0,20200917,2191892.0,1.045797975
191,2020-09-18 00:00:00.000,377,5.0,22782,126.0,20200918,2206365.0,1.044584913
192,2020-09-19 00:00:00.000,378,1.0,22892,110.0,20200919,2219162.0,1.043173778
193,2020-09-20 00:00:00.000,383,5.0,22974,82.0,20200920,2226701.0,1.043121974
194,2020-09-21 00:00:00.000,385,2.0,23044,70.0,20200921,2231589.0,1.043161934
195,2020-09-22 00:00:00.000,388,3.0,23105,61.0,20200922,2245112.0,1.039880462
196,2020-09-23 00:00:00.000,388,0.0,23215,110.0,20200923,2256899.0,1.038065223
197,2020-09-24 00:00:00.000,393,5.0,23340,125.0,20200924,2268999.0,1.038156014
198,2020-09-25 00:00:00.000,395,2.0,23454,114.0,20200925,2280276.0,1.037465813
199,2020-09-26 00:00:00.000,399,4.0,23515,61.0,20200926,2290345.0,1.035065456
200,2020-09-27 00:00:00.000,401,2.0,23610,95.0,20200927,2296517.0,1.036599742
201,2020-09-28 00:00:00.000,406,5.0,23660,50.0,20200928,2301303.0,1.036484609
202,2020-09-29 00:00:00.000,407,1.0,23698,38.0,20200929,2313044.0,1.033498649
203,2020-09-30 00:00:00.000,413,6.0,23811,113.0,20200930,2322999.0,1.034180376
204,2020-10-01 00:00:00.000,415,2.0,23888,77.0,20201001,2328435.0,1.034826629
205,2020-10-02 00:00:00.000,416,1.0,23951,63.0,20201002,2333777.0,1.035145057
206,2020-10-03 00:00:00.000,420,4.0,24026,75.0,20201003,2339859.0,1.036241273
207,2020-10-04 00:00:00.000,421,1.0,24090,64.0,20201004,2346345.0,1.03647274
208,2020-10-05 00:00:00.000,422,1.0,24163,73.0,20201005,2352378.0,1.037069338
209,2020-10-06 00:00:00.000,422,0.0,24238,75.0,20201006,2365433.0,1.034619942
210,2020-10-07 00:00:00.000,425,3.0,24352,114.0,20201007,2378073.0,1.033644816
211,2020-10-08 00:00:00.000,427,2.0,24421,69.0,20201008,2388844.0,1.031350592
212,2020-10-09 00:00:00.000,428,1.0,24475,54.0,20201009,2400233.0,1.028562735
213,2020-10-10 00:00:00.000,430,2.0,24547,72.0,20201010,2404684.0,1.028921466
214,2020-10-11 00:00:00.000,432,2.0,24605,58.0,20201011,2410483.0,1.028989871
215,2020-10-12 00:00:00.000,433,1.0,24703,98.0,20201012,2415610.0,1.030830181
216,2020-10-13 00:00:00.000,434,1.0,24794,91.0,20201013,2428760.0,1.029379284
217,2020-10-14 00:00:00.000,438,4.0,24878,84.0,20201014,2441443.0,1.02672379
218,2020-10-15 00:00:00.000,439,1.0,24988,110.0,20201015,2450739.0,1.027265623
219,2020-10-16 00:00:00.000,441,2.0,25035,47.0,20201016,2459426.0,1.025154469
220,2020-10-17 00:00:00.000,443,2.0,25108,73.0,20201017,2468527.0,1.02431086
221,2020-10-18 00:00:00.000,444,1.0,25199,91.0,20201018,2474529.0,1.025705526
222,2020-10-19 00:00:00.000,444,0.0,25275,76.0,20201019,2479226.0,1.026411361
223,2020-10-20 00:00:00.000,447,3.0,25333,58.0,20201020,2491311.0,1.024825926
224,2020-10-21 00:00:00.000,450,3.0,25422,89.0,20201021,2503489.0,1.0234316
225,2020-10-22 00:00:00.000,453,3.0,25543,121.0,20201022,2515325.0,1.02355749
226,2020-10-23 00:00:00.000,455,2.0,25698,155.0,20201023,2528621.0,1.024563121
227,2020-10-24 00:00:00.000,457,2.0,25775,77.0,20201024,2540679.0,1.023308405
228,2020-10-25 00:00:00.000,457,0.0,25836,61.0,20201025,2546146.0,1.023425171
229,2020-10-26 00:00:00.000,457,0.0,25955,119.0,20201026,2552264.0,1.025281049
230,2020-10-27 00:00:00.000,460,3.0,26043,88.0,20201027,2567587.0,1.023467883
231,2020-10-28 00:00:00.000,461,1.0,26146,103.0,20201028,2582960.0,1.021305784
232,2020-10-29 00:00:00.000,462,1.0,26271,125.0,20201029,2597978.0,1.021490534
233,2020-10-30 00:00:00.000,463,1.0,26384,113.0,20201030,2612231.0,1.020318981
234,2020-10-31 00:00:00.000,464,1.0,26511,127.0,20201031,2624492.0,1.020119177
235,2020-11-01 00:00:00.000,466,2.0,26635,124.0,20201101,2630630.0,1.02214605
236,2020-11-02 00:00:00.000,468,2.0,26732,97.0,20201102,2636650.0,1.023772886
237,2020-11-03 00:00:00.000,472,4.0,26807,75.0,20201103,2649859.0,1.021591101
238,2020-11-04 00:00:00.000,474,2.0,26924,117.0,20201104,2662259.0,1.020620136
239,2020-11-05 00:00:00.000,475,1.0,27049,125.0,20201105,2673705.0,1.021239933
240,2020-11-06 00:00:00.000,476,1.0,27194,145.0,20201106,2686313.0,1.02206801
241,2020-11-07 00:00:00.000,477,1.0,27283,89.0,20201107,2697248.0,1.021440784
242,2020-11-08 00:00:00.000,478,1.0,27426,143.0,20201108,2702879.0,1.024416645
243,2020-11-09 00:00:00.000,480,2.0,27552,126.0,20201109,2709198.0,1.02675863
244,2020-11-10 00:00:00.000,485,5.0,27652,100.0,20201110,2723959.0,1.025628091
245,2020-11-11 00:00:00.000,487,2.0,27797,145.0,20201111,2736532.0,1.026536241
246,2020-11-12 00:00:00.000,487,0.0,27940,143.0,20201112,2749770.0,1.027022378
247,2020-11-13 00:00:00.000,488,1.0,28131,191.0,20201113,2761409.0,1.029952879
248,2020-11-14 00:00:00.000,492,4.0,28336,205.0,20201114,2777287.0,1.033182078
249,2020-11-15 00:00:00.000,493,1.0,28544,208.0,20201115,2786876.0,1.037775705
250,2020-11-16 00:00:00.000,494,1.0,28766,222.0,20201116,2797689.0,1.042482446
251,2020-11-17 00:00:00.000,494,0.0,28996,230.0,20201117,2815753.0,1.045069995
252,2020-11-18 00:00:00.000,496,2.0,29281,285.0,20201118,2834332.0,1.048880158
253,2020-11-19 00:00:00.000,498,2.0,29606,325.0,20201119,2853795.0,1.05424336
254,2020-11-20 00:00:00.000,501,3.0,29954,348.0,20201120,2873380.0,1.060229637
255,2020-11-21 00:00:00.000,503,2.0,30340,386.0,20201121,2896683.0,1.066305655
256,2020-11-22 00:00:00.000,505,2.0,30670,330.0,20201122,2908827.0,1.074331704
257,2020-11-23 00:00:00.000,509,4.0,30941,271.0,20201123,2922072.0,1.079732567
258,2020-11-24 00:00:00.000,510,1.0,31290,349.0,20201124,2946336.0,1.083236082
259,2020-11-25 00:00:00.000,513,3.0,31672,382.0,20201125,2966342.0,1.088196409
260,2020-11-26 00:00:00.000,515,2.0,32253,581.0,20201126,2987982.0,1.099801168
261,2020-11-27 00:00:00.000,516,1.0,32808,555.0,20201127,3009499.0,1.111057679
262,2020-11-28 00:00:00.000,522,6.0,33311,503.0,20201128,3031940.0,1.120395702
263,2020-11-29 00:00:00.000,523,1.0,33761,450.0,20201129,3046908.0,1.131370852
264,2020-11-30 00:00:00.000,526,3.0,34199,438.0,20201130,3061170.0,1.140801353
265,2020-12-01 00:00:00.000,526,0.0,34650,451.0,20201201,3083995.0,1.147691881
266,2020-12-02 00:00:00.000,526,0.0,35161,511.0,20201202,3106968.0,1.155922091
267,2020-12-03 00:00:00.000,529,3.0,35701,540.0,20201203,3131884.0,1.164379719
268,2020-12-04 00:00:00.000,536,7.0,36329,628.0,20201204,3157407.0,1.174407365
269,2020-12-05 00:00:00.000,540,4.0,36906,577.0,20201205,3180487.0,1.185080052
270,2020-12-06 00:00:00.000,545,5.0,37537,631.0,20201206,3194858.0,1.200361224
271,2020-12-07 00:00:00.000,549,4.0,38152,615.0,20201207,3209367.0,1.214506979
272,2020-12-08 00:00:00.000,552,3.0,38739,587.0,20201208,3221316.0,1.231280807
273,2020-12-09 00:00:00.000,556,4.0,39409,670.0,20201209,3253219.0,1.238519208
274,2020-12-10 00:00:00.000,564,8.0,40089,680.0,20201210,3277946.0,1.250755807
275,2020-12-11 00:00:00.000,572,8.0,40778,689.0,20201211,3311211.0,1.261101282
276,2020-12-12 00:00:00.000,578,6.0,41728,950.0,20201212,3349862.0,1.278776141
277,2020-12-13 00:00:00.000,580,2.0,42758,1030.0,20201213,3374593.0,1.301825015
278,2020-12-14 00:00:00.000,587,7.0,43476,718.0,20201214,3397037.0,1.314351878
279,2020-12-15 00:00:00.000,600,13.0,44356,880.0,20201215,3441218.0,1.324951572
280,2020-12-16 00:00:00.000,612,12.0,45434,1078.0,20201216,3488767.0,1.338663158
281,2020-12-17 00:00:00.000,634,22.0,46448,1014.0,20201217,3538838.0,1.350397432
282,2020-12-18 00:00:00.000,645,11.0,47512,1064.0,20201218,3589795.0,1.365610315
283,2020-12-19 00:00:00.000,659,14.0,48557,1045.0,20201219,3646245.0,1.379455525
284,2020-12-20 00:00:00.000,674,15.0,49653,1096.0,20201220,3683091.0,1.401195841
285,2020-12-21 00:00:00.000,698,24.0,50577,924.0,20201221,3713856.0,1.417748074
286,2020-12-22 00:00:00.000,722,24.0,51443,866.0,20201222,3772425.0,1.420568769
287,2020-12-23 00:00:00.000,739,17.0,52533,1090.0,20201223,3826565.0,1.430070212
288,2020-12-24 00:00:00.000,756,17.0,53518,985.0,20201224,3882205.0,1.434156057
289,2020-12-25 00:00:00.000,773,17.0,54758,1240.0,20201225,3939352.0,1.447642776
290,2020-12-26 00:00:00.000,793,20.0,55889,1131.0,20201226,3969409.0,1.465980589
291,2020-12-27 00:00:00.000,808,15.0,56859,970.0,20201227,4006406.0,1.48092295
292,2020-12-28 00:00:00.000,819,11.0,57665,806.0,20201228,4038300.0,1.490659499
293,2020-12-29 00:00:00.000,859,40.0,58709,1044.0,20201229,4098173.0,1.494928589
294,2020-12-30 00:00:00.000,879,20.0,59759,1050.0,20201230,4159516.0,1.498566232
295,2020-12-31 00:00:00.000,900,21.0,60726,967.0,20201231,4213874.0,1.501804361
296,2021-01-01 00:00:00.000,917,17.0,61753,1027.0,20210101,4269312.0,1.508973374
297,2021-01-02 00:00:00.000,942,25.0,62573,820.0,20210102,4302792.0,1.517507982
298,2021-01-03 00:00:00.000,962,20.0,63230,657.0,20210103,4340832.0,1.522015425
299,2021-01-04 00:00:00.000,981,19.0,64250,1020.0,20210104,4376602.0,1.534925834
300,2021-01-05 00:00:00.000,1007,26.0,64964,714.0,20210105,4439354.0,1.530147779
301,2021-01-06 00:00:00.000,1027,20.0,65802,838.0,20210106,4504860.0,1.525745123
302,2021-01-07 00:00:00.000,1046,19.0,66671,869.0,20210107,4569802.0,1.522850408
303,2021-01-08 00:00:00.000,1081,35.0,67345,674.0,20210108,4629998.0,1.516934389
304,2021-01-09 00:00:00.000,1100,19.0,67986,641.0,20210109,4689610.0,1.509563165
305,2021-01-10 00:00:00.000,1125,25.0,68643,657.0,20210110,4723457.0,1.5146283
306,2021-01-11 00:00:00.000,1140,15.0,69094,451.0,20210111,4751679.0,1.514582908
307,2021-01-12 00:00:00.000,1165,25.0,69631,537.0,20210112,4814079.0,1.504783882
308,2021-01-13 00:00:00.000,1185,20.0,70192,561.0,20210113,4872306.0,1.496825175
309,2021-01-14 00:00:00.000,1195,10.0,70716,524.0,20210114,4925353.0,1.487001355
310,2021-01-15 00:00:00.000,1217,22.0,71228,512.0,20210115,4978068.0,1.479065025
311,2021-01-16 00:00:00.000,1236,19.0,71808,580.0,20210116,5032264.0,1.472493784
312,2021-01-17 00:00:00.000,1249,13.0,72328,520.0,20210117,5061284.0,1.475509797
313,2021-01-18 00:00:00.000,1264,15.0,72717,389.0,20210118,5087214.0,1.475235531
314,2021-01-19 00:00:00.000,1283,19.0,73103,386.0,20210119,5140320.0,1.466172614
315,2021-01-20 00:00:00.000,1300,17.0,73507,404.0,20210120,5192124.0,1.457320534
316,2021-01-21 00:00:00.000,1316,16.0,73907,400.0,20210121,5237602.0,1.45014296
317,2021-01-22 00:00:00.000,1328,12.0,74253,346.0,20210122,5282220.0,1.442061196
318,2021-01-23 00:00:00.000,1337,9.0,74684,431.0,20210123,5329704.0,1.438145992
319,2021-01-24 00:00:00.000,1349,12.0,75076,392.0,20210124,5354346.0,1.438628623
320,2021-01-25 00:00:00.000,1360,11.0,75513,437.0,20210125,5376083.0,1.440666034
321,2021-01-26 00:00:00.000,1371,11.0,75862,349.0,20210126,5422760.0,1.435655706
322,2021-01-27 00:00:00.000,1378,7.0,76421,559.0,20210127,5469244.0,1.433570126
323,2021-01-28 00:00:00.000,1386,8.0,76918,497.0,20210128,5522186.0,1.428968994
324,2021-01-29 00:00:00.000,1399,13.0,77387,469.0,20210129,5569261.0,1.426092065
325,2021-01-30 00:00:00.000,1414,15.0,77843,456.0,20210130,5616527.0,1.422899166
326,2021-01-31 00:00:00.000,1420,6.0,78197,354.0,20210131,5640817.0,1.424024729
327,2021-02-01 00:00:00.000,1425,5.0,78502,305.0,20210201,5661841.0,1.424102272
328,2021-02-02 00:00:00.000,1435,10.0,78838,336.0,20210202,5711412.0,1.418677606
329,2021-02-03 00:00:00.000,1441,6.0,79305,467.0,20210203,5756713.0,1.411657527
330,2021-02-04 00:00:00.000,1448,7.0,79756,451.0,20210204,5803094.0,1.403523344
331,2021-02-05 00:00:00.000,1459,11.0,80126,370.0,20210205,5847177.0,1.395991442
332,2021-02-06 00:00:00.000,1464,5.0,80516,390.0,20210206,5893352.0,1.389242841
333,2021-02-07 00:00:00.000,1471,7.0,80887,371.0,20210207,5916974.0,1.388326537
334,2021-02-08 00:00:00.000,1474,3.0,81175,288.0,20210208,5938195.0,1.386812206
335,2021-02-09 00:00:00.000,1482,8.0,81478,303.0,20210209,5987404.0,1.379866528
336,2021-02-10 00:00:00.000,1486,4.0,81922,444.0,20210210,6030022.0,1.376852832
337,2021-02-11 00:00:00.000,1496,10.0,82426,504.0,20210211,6070007.0,1.376429369
338,2021-02-12 00:00:00.000,1507,11.0,82829,403.0,20210212,6093368.0,1.377611702
339,2021-02-13 00:00:00.000,1514,7.0,83191,362.0,20210213,6115336.0,1.376175852
340,2021-02-14 00:00:00.000,1522,8.0,83517,326.0,20210214,6140085.0,1.377739762
341,2021-02-15 00:00:00.000,1527,5.0,83860,343.0,20210215,6162859.0,1.378661134
342,2021-02-16 00:00:00.000,1534,7.0,84317,457.0,20210216,6213489.0,1.374003682
343,2021-02-17 00:00:00.000,1538,4.0,84938,621.0,20210217,6260566.0,1.372589831
344,2021-02-18 00:00:00.000,1544,6.0,85559,621.0,20210218,6303213.0,1.372789348
345,2021-02-19 00:00:00.000,1550,6.0,86120,561.0,20210219,6345991.0,1.372457619
346,2021-02-20 00:00:00.000,1553,3.0,86568,448.0,20210220,6390630.0,1.37094142
347,2021-02-21 00:00:00.000,1557,4.0,86984,416.0,20210221,6411339.0,1.372424003
348,2021-02-22 00:00:00.000,1562,5.0,87316,332.0,20210222,6429143.0,1.373609691
349,2021-02-23 00:00:00.000,1573,11.0,87672,356.0,20210223,6472678.0,1.370171942
350,2021-02-24 00:00:00.000,1576,3.0,88112,440.0,20210224,6510987.0,1.369049312
351,2021-02-25 00:00:00.000,1581,5.0,88507,395.0,20210225,6551213.0,1.365313386
352,2021-02-26 00:00:00.000,1585,4.0,88894,387.0,20210226,6590065.0,1.363170117
353,2021-02-27 00:00:00.000,1595,10.0,89309,415.0,20210227,6627214.0,1.361786154
354,2021-02-28 00:00:00.000,1603,8.0,89664,355.0,20210228,6649005.0,1.363479598
355,2021-03-01 00:00:00.000,1605,2.0,90019,355.0,20210301,6665754.0,1.365577626
356,2021-03-02 00:00:00.000,1606,1.0,90363,344.0,20210302,6681975.0,1.367366453
357,2021-03-03 00:00:00.000,1612,6.0,90807,444.0,20210303,6716202.0,1.365450011
358,2021-03-04 00:00:00.000,1619,7.0,91231,424.0,20210304,6751899.0,1.363323226
359,2021-03-05 00:00:00.000,1627,8.0,91629,398.0,20210305,6789010.0,1.362451625
360,2021-03-06 00:00:00.000,1632,5.0,92047,418.0,20210306,6821942.0,1.362292728
361,2021-03-07 00:00:00.000,1634,2.0,92463,416.0,20210307,6843125.0,1.364419324
362,2021-03-08 00:00:00.000,1642,8.0,92809,346.0,20210308,6861808.0,1.365960332
363,2021-03-09 00:00:00.000,1645,3.0,93255,446.0,20210309,6902983.0,1.364877361
364,2021-03-10 00:00:00.000,1648,3.0,93725,470.0,20210310,6938883.0,1.364541999
365,2021-03-11 00:00:00.000,1652,4.0,94190,465.0,20210311,6976984.0,1.363346349
366,2021-03-12 00:00:00.000,1662,10.0,94678,488.0,20210312,7012663.0,1.363465187
367,2021-03-13 00:00:00.000,1667,5.0,95168,490.0,20210313,7046781.0,1.36365193
368,2021-03-14 00:00:00.000,1669,2.0,95627,459.0,20210314,7066400.0,1.366772257
369,2021-03-15 00:00:00.000,1675,6.0,96006,379.0,20210315,7084939.0,1.368903786
370,2021-03-16 00:00:00.000,1678,3.0,96369,363.0,20210316,7126076.0,1.367317856
371,2021-03-17 00:00:00.000,1686,8.0,96838,469.0,20210317,7171509.0,1.366215546
372,2021-03-18 00:00:00.000,1688,2.0,97283,445.0,20210318,7218086.0,1.364731094
373,2021-03-19 00:00:00.000,1690,2.0,97746,463.0,20210319,7264940.0,1.362010055
374,2021-03-20 00:00:00.000,1693,3.0,98193,447.0,20210320,7308949.0,1.36078075
375,2021-03-21 00:00:00.000,1696,3.0,98649,456.0,20210321,7332713.0,1.363609032
376,2021-03-22 00:00:00.000,1697,1.0,99064,415.0,20210322,7355963.0,1.365866653
377,2021-03-23 00:00:00.000,1704,7.0,99410,346.0,20210323,7400989.0,1.361628431
378,2021-03-24 00:00:00.000,1707,3.0,99838,428.0,20210324,7441209.0,1.358916428
379,2021-03-25 00:00:00.000,1709,2.0,100268,430.0,20210325,7485858.0,1.355178997
380,2021-03-26 00:00:00.000,1716,7.0,100757,489.0,20210326,7529401.0,1.35208143
381,2021-03-27 00:00:00.000,1721,5.0,101262,505.0,20210327,7572566.0,1.350629659
382,2021-03-28 00:00:00.000,1722,1.0,101744,482.0,20210328,7595594.0,1.353520672
383,2021-03-29 00:00:00.000,1726,4.0,102126,382.0,20210329,7616328.0,1.354925246
384,2021-03-30 00:00:00.000,1729,3.0,102573,447.0,20210330,7663997.0,1.352211626
385,2021-03-31 00:00:00.000,1731,2.0,103079,506.0,20210331,7707798.0,1.349820651
386,2021-04-01 00:00:00.000,1735,4.0,103630,551.0,20210401,7747301.0,1.349060526
387,2021-04-02 00:00:00.000,1737,2.0,104187,557.0,20210402,7788293.0,1.350002546
388,2021-04-03 00:00:00.000,1740,3.0,104730,543.0,20210403,7829599.0,1.350603555
389,2021-04-04 00:00:00.000,1744,4.0,105273,543.0,20210404,7849474.0,1.354921538
390,2021-04-05 00:00:00.000,1748,4.0,105746,473.0,20210405,7868818.0,1.35775092
391,2021-04-06 00:00:00.000,1752,4.0,106223,477.0,20210406,7921288.0,1.354516686
392,2021-04-07 00:00:00.000,1756,4.0,106891,668.0,20210407,7966165.0,1.354504067
393,2021-04-08 00:00:00.000,1758,2.0,107591,700.0,20210408,8012419.0,1.356002483
394,2021-04-09 00:00:00.000,1764,6.0,108262,671.0,20210409,8059111.0,1.357143027
395,2021-04-10 00:00:00.000,1765,1.0,108939,677.0,20210410,8106628.0,1.358915373
396,2021-04-11 00:00:00.000,1768,3.0,109553,614.0,20210411,8129530.0,1.363002809
397,2021-04-12 00:00:00.000,1770,2.0,110140,587.0,20210412,8152781.0,1.366919627
398,2021-04-13 00:00:00.000,1775,5.0,110682,542.0,20210413,8200517.0,1.36392993
399,2021-04-14 00:00:00.000,1782,7.0,111413,731.0,20210414,8245386.0,1.363557535
400,2021-04-15 00:00:00.000,1788,6.0,112111,698.0,20210415,8291124.0,1.363730967
401,2021-04-16 00:00:00.000,1790,2.0,112784,673.0,20210416,8333331.0,1.365019181
402,2021-04-17 00:00:00.000,1794,4.0,113442,658.0,20210417,8377778.0,1.365662265
403,2021-04-18 00:00:00.000,1797,3.0,114113,671.0,20210418,8396065.0,1.37091215
404,2021-04-19 00:00:00.000,1801,4.0,114645,532.0,20210419,8414820.0,1.373971918
405,2021-04-20 00:00:00.000,1802,1.0,115194,549.0,20210420,8458591.0,1.372664279
406,2021-04-21 00:00:00.000,1806,4.0,115925,731.0,20210421,8497593.0,1.375085969
407,2021-04-22 00:00:00.000,1808,2.0,116660,735.0,20210422,8537504.0,1.377272408
408,2021-04-23 00:00:00.000,1811,3.0,117457,797.0,20210423,8583529.0,1.374796777
409,2021-04-24 00:00:00.000,1812,1.0,118242,785.0,20210424,8632922.0,1.382195163
410,2021-04-25 00:00:00.000,1813,1.0,118886,644.0,20210425,8654790.0,1.386065198
411,2021-04-26 00:00:00.000,1817,4.0,119385,499.0,20210426,8672977.0,1.389022528
412,2021-04-27 00:00:00.000,1820,3.0,119897,512.0,20210427,8721608.0,1.386878116
413,2021-04-28 00:00:00.000,1821,1.0,120666,769.0,20210428,8766496.0,1.388668632
414,2021-04-29 00:00:00.000,1825,4.0,121345,679.0,20210429,8805778.0,1.390712113
415,2021-04-30 00:00:00.000,1828,3.0,122006,661.0,20210430,8848291.0,1.391844194
416,2021-05-01 00:00:00.000,1831,3.0,122633,627.0,20210501,8883387.0,1.393845883
417,2021-05-02 00:00:00.000,1833,2.0,123239,606.0,20210502,8898233.0,1.398595447
418,2021-05-03 00:00:00.000,1834,1.0,123727,488.0,20210503,8915325.0,1.401798692
419,2021-05-04 00:00:00.000,1840,6.0,124268,541.0,20210504,8957154.0,1.399562882
420,2021-05-05 00:00:00.000,1847,7.0,124944,676.0,20210505,8994068.0,1.401491609
421,2021-05-06 00:00:00.000,1851,4.0,125518,574.0,20210506,9010991.0,1.404957457
422,2021-05-07 00:00:00.000,1860,9.0,126043,525.0,20210507,9051353.0,1.404776863
423,2021-05-08 00:00:00.000,1865,5.0,126744,701.0,20210508,9089165.0,1.406562226
424,2021-05-09 00:00:00.000,1874,9.0,127308,564.0,20210509,9105770.0,1.410694676
425,2021-05-10 00:00:00.000,1875,1.0,127771,463.0,20210510,9122058.0,1.413605557
426,2021-05-11 00:00:00.000,1879,4.0,128281,510.0,20210511,9164283.0,1.412840025
427,2021-05-12 00:00:00.000,1884,5.0,128915,634.0,20210512,9201538.0,1.413966632
428,2021-05-13 00:00:00.000,1891,7.0,129630,715.0,20210513,9241152.0,1.416158717
429,2021-05-14 00:00:00.000,1893,2.0,130377,747.0,20210514,9281290.0,1.419288441
430,2021-05-15 00:00:00.000,1896,3.0,131058,681.0,20210515,9319093.0,1.421472325
431,2021-05-16 00:00:00.000,1900,4.0,131668,610.0,20210516,9336613.0,1.425757584
432,2021-05-17 00:00:00.000,1903,3.0,132287,619.0,20210517,9353299.0,1.429898627
433,2021-05-18 00:00:00.000,1904,1.0,132815,528.0,20210518,9395003.0,1.429410897
434,2021-05-19 00:00:00.000,1912,8.0,133469,654.0,20210519,9428643.0,1.431433582
435,2021-05-20 00:00:00.000,1916,4.0,134115,646.0,20210520,9447357.0,1.436153877
436,2021-05-21 00:00:00.000,1922,6.0,134676,561.0,20210521,9487107.0,1.4368562
437,2021-05-22 00:00:00.000,1926,4.0,135342,666.0,20210522,9520965.0,1.439286846
438,2021-05-23 00:00:00.000,1931,5.0,135927,585.0,20210523,9536298.0,1.443871791
439,2021-05-24 00:00:00.000,1934,3.0,136457,530.0,20210524,9553612.0,1.446605861
440,2021-05-25 00:00:00.000,1938,4.0,136973,516.0,20210525,9592726.0,1.445529521
441,2021-05-26 00:00:00.000,1940,2.0,137678,705.0,20210526,9629455.0,1.447963934
442,2021-05-27 00:00:00.000,1943,3.0,138307,629.0,20210527,9665690.0,1.449298446
443,2021-05-28 00:00:00.000,1946,3.0,138894,587.0,20210528,9702453.0,1.449896399
444,2021-05-29 00:00:00.000,1951,5.0,139427,533.0,20210529,9733588.0,1.450883775
445,2021-05-30 00:00:00.0,1959,8.0,140337,910.0,20210531,9761156.0,1.4568051768
446,2021-05-30 00:00:00.000,1957,-2.0,139907,-430.0,20210530,9747612.0,1.454165571
447,2021-06-01 00:00:00.000,1963,6.0,140796,889.0,20210601,9798400.0,1.455889634
448,2021-06-02 00:00:00.000,1965,2.0,141473,677.0,20210602,9834348.0,1.457668392
449,2021-06-03 00:00:00.000,1968,3.0,142154,681.0,20210603,9872322.0,1.459112138
450,2021-06-04 00:00:00.000,1969,1.0,142849,695.0,20210604,9911322.0,1.461000475
451,2021-06-05 00:00:00.000,1971,2.0,143593,744.0,20210605,9945952.0,1.463921944
452,2021-06-06 00:00:00.000,1973,2.0,144149,556.0,20210606,9959695.0,1.467429756
453,2021-06-07 00:00:00.000,1974,1.0,144634,485.0,20210607,9972295.0,1.470490004
454,2021-06-08 00:00:00.000,1975,1.0,145088,454.0,20210608,10008582.0,1.470090853
455,2021-06-09 00:00:00.000,1977,2.0,145690,602.0,20210609,10044782.0,1.469633196
456,2021-06-10 00:00:00.000,1979,2.0,146300,610.0,20210610,10076861.0,1.470864122
457,2021-06-11 00:00:00.000,1981,2.0,146856,556.0,20210611,10111063.0,1.471899741
458,2021-06-12 00:00:00.000,1982,1.0,147421,565.0,20210612,10140534.0,1.47151213
459,2021-06-13 00:00:00.000,1985,3.0,147873,452.0,20210613,10152906.0,1.474543917
460,2021-06-14 00:00:00.000,1988,3.0,148272,399.0,20210614,10165496.0,1.476508035
461,2021-06-15 00:00:00.000,1992,4.0,148645,373.0,20210615,10196468.0,1.475706268
462,2021-06-16 00:00:00.000,1993,1.0,149190,545.0,20210616,10229383.0,1.475577311
463,2021-06-17 00:00:00.000,1994,1.0,149730,540.0,20210617,10257835.0,1.477134747
464,2021-06-18 00:00:00.000,1996,2.0,150237,507.0,20210618,10294047.0,1.477516692
465,2021-06-19 00:00:00.000,1997,1.0,150719,482.0,20210619,10323153.0,1.478444312
466,2021-06-20 00:00:00.000,2002,5.0,151148,429.0,20210620,10335633.0,1.481179366
467,2021-06-21 00:00:00.000,2004,2.0,151505,357.0,20210621,10346046.0,1.48278272
468,2021-06-22 00:00:00.000,2006,2.0,151899,394.0,20210622,10380042.0,1.481520134
469,2021-06-23 00:00:00.000,2007,1.0,152544,645.0,20210623,10409948.0,1.483868388
470,2021-06-24 00:00:00.000,2008,1.0,153154,610.0,20210624,10438781.0,1.484365384
471,2021-06-25 00:00:00.000,2009,1.0,153788,634.0,20210625,10466544.0,1.486685106
472,2021-06-26 00:00:00.000,2012,3.0,154456,668.0,20210626,10495515.0,1.487880387
473,2021-06-27 00:00:00.000,2013,1.0,155070,614.0,20210627,10508677.0,1.492162323
474,2021-06-28 00:00:00.000,2015,2.0,155571,501.0,20210628,10520928.0,1.495000281
475,2021-06-29 00:00:00.000,2017,2.0,156166,595.0,20210629,10555740.0,1.496003116
476,2021-06-30 00:00:00.000,2018,1.0,156960,794.0,20210630,10579071.0,1.499862255
477,2021-07-01 00:00:00.000,2021,3.0,157721,761.0,20210701,10614315.0,1.503624138
478,2021-07-02 00:00:00.000,2024,3.0,158546,825.0,20210702,10641601.0,1.508391023
479,2021-07-03 00:00:00.000,2025,1.0,159340,794.0,20210703,10670616.0,1.512237172
480,2021-07-04 00:00:00.000,2026,1.0,160083,743.0,20210704,10685124.0,1.517543135
481,2021-07-05 00:00:00.000,2028,2.0,160794,711.0,20210705,10700133.0,1.521915262
482,2021-07-06 00:00:00.000,2032,4.0,161540,746.0,20210706,10735715.0,1.52482307
483,2021-07-07 00:00:00.000,2033,1.0,162751,1211.0,20210707,10766500.0,1.531954059
484,2021-07-08 00:00:00.000,2034,1.0,164026,1275.0,20210708,10802780.0,1.539915705
485,2021-07-09 00:00:00.000,2036,2.0,165342,1316.0,20210709,10844215.0,1.547603102
486,2021-07-10 00:00:00.000,2038,2.0,166720,1378.0,20210710,10881638.0,1.556397131
487,2021-07-11 00:00:00.000,2043,5.0,168044,1324.0,20210711,10902276.0,1.566666486
488,2021-07-12 00:00:00.000,2044,1.0,169144,1100.0,20210712,10919896.0,1.574131766
489,2021-07-13 00:00:00.000,2046,2.0,170294,1150.0,20210713,10964297.0,1.578964888
490,2021-07-14 00:00:00.000,2048,2.0,171907,1613.0,20210714,11008857.0,1.587769115
491,2021-07-15 00:00:00.000,2050,2.0,173506,1599.0,20210715,11060454.0,1.598253496
492,2021-07-16 00:00:00.000,2051,1.0,175041,1535.0,20210716,11108582.0,1.60729781
493,2021-07-17 00:00:00.000,2055,4.0,176490,1449.0,20210717,11149223.0,1.615973942
494,2021-07-18 00:00:00.000,2057,2.0,177943,1453.0,20210718,11175977.0,1.630927675
495,2021-07-19 00:00:00.000,2058,1.0,179194,1251.0,20210719,11202429.0,1.634722225
496,2021-07-20 00:00:00.000,2059,1.0,180472,1278.0,20210720,11251982.0,1.639564831
497,2021-07-21 00:00:00.000,2060,1.0,182253,1781.0,20210721,11298669.0,1.649873688
498,2021-07-22 00:00:00.000,2063,3.0,184094,1841.0,20210722,11343913.0,1.662335814
499,2021-07-23 00:00:00.000,2066,3.0,185723,1629.0,20210723,11388299.0,1.671630834
500,2021-07-24 00:00:00.000,2068,2.0,187350,1627.0,20210724,11430518.0,1.67939231
501,2021-07-25 00:00:00.000,2073,5.0,188837,1487.0,20210725,11453340.0,1.689275533
502,2021-07-26 00:00:00.000,2077,4.0,190155,1318.0,20210726,11472339.0,1.699126896
503,2021-07-27 00:00:00.000,2079,2.0,191518,1363.0,20210727,11528602.0,1.707057587
504,2021-07-28 00:00:00.000,2083,4.0,193413,1895.0,20210728,11585607.0,1.717447696
505,2021-07-29 00:00:00.000,2085,2.0,195086,1673.0,20210729,11637500.0,1.727162415
506,2021-07-30 00:00:00.000,2089,4.0,196796,1710.0,20210730,11682962.0,1.737598412
507,2021-07-31 00:00:00.000,2095,6.0,198334,1538.0,20210731,11728815.0,1.745957213
508,2021-08-01 00:00:00.000,2098,3.0,199776,1442.0,20210801,11751780.0,1.756553576
509,2021-08-02 00:00:00.000,2099,1.0,200994,1218.0,20210802,11772599.0,1.765361674
510,2021-08-03 00:00:00.000,2104,5.0,202194,1200.0,20210803,11820011.0,1.765622622
511,2021-08-04 00:00:00.000,2106,2.0,203919,1725.0,20210804,11864240.0,1.77841233
512,2021-08-05 00:00:00.000,2109,3.0,205694,1775.0,20210805,11908430.0,1.789742069
513,2021-08-06 00:00:00.000,2113,4.0,207398,1704.0,20210806,11951646.0,1.799611891
514,2021-08-07 00:00:00.000,2116,3.0,209221,1823.0,20210807,11995923.0,1.811282604
515,2021-08-08 00:00:00.0,2121,5.0,210948,1727.0,20210808,12027437.0,1.8246269102
516,2021-08-09 00:00:00.0,2125,4.0,212439,1491.0,20210809,12057824.0,1.8329008458
517,2021-08-10 00:00:00.0,2134,9.0,213976,1537.0,20210810,12112079.0,1.8373099383
518,2021-08-11 00:00:00.0,2135,1.0,216197,2221.0,20210811,12156192.0,1.8528855321
519,2021-08-12 00:00:00.0,2138,3.0,218184,1987.0,20210812,12207035.0,1.8653085221
520,2021-08-13 00:00:00.0,2144,6.0,220173,1989.0,20210813,12257959.0,1.8788618674
521,2021-08-14 00:00:00.0,2148,4.0,222101,1928.0,20210814,12309273.0,1.8907735433
522,2021-08-15 00:00:00.0,2156,8.0,223917,1816.0,20210815,12344711.0,1.9041241268
523,2021-08-16 00:00:00.0,2167,11.0,225471,1554.0,20210816,12372769.0,1.9144144144
524,2021-08-17 00:00:00.0,2173,6.0,226843,1372.0,20210817,12404969.0,1.8771729143
525,2021-08-18 00:00:00.0,2178,5.0,228646,1803.0,20210818,12461676.0,1.9332627544
526,2021-08-19 00:00:00.0,2191,13.0,230798,2152.0,20210819,12518695.0,1.9450436142
527,2021-08-20 00:00:00.0,2197,6.0,232938,2140.0,20210820,12567090.0,1.9562292672
528,2021-08-21 00:00:00.0,2202,5.0,234725,1787.0,20210821,12632591.0,1.9618302101
529,2021-08-22 00:00:00.0,2215,13.0,236351,1626.0,20210822,12664332.0,1.9719111271
530,2021-08-23 00:00:00.0,2222,7.0,237768,1417.0,20210823,12694018.0,1.9806118815
531,2021-08-24 00:00:00.0,2228,6.0,239275,1507.0,20210824,12749751.0,1.9837816985
532,2021-08-25 00:00:00.0,2237,9.0,241429,2154.0,20210825,12806608.0,1.9937943791
533,2021-08-26 00:00:00.0,2257,20.0,243311,1882.0,20210826,12866797.0,2.0015386389
534,2021-08-27 00:00:00.0,2265,8.0,245148,1837.0,20210827,12927789.0,2.007877595
535,2021-08-28 00:00:00.0,2276,11.0,246939,1791.0,20210828,12983486.0,2.0174245601
536,2021-08-29 00:00:00.0,2279,3.0,248558,1619.0,20210829,13015921.0,2.0284939755
537,2021-08-30 00:00:00.0,2284,5.0,250043,1485.0,20210830,13049678.0,2.0357048445
538,2021-08-31 00:00:00.0,2285,1.0,251413,1370.0,20210831,13094711.0,2.0368097463
539,2021-09-01 09:37:02.395,2292,7.0,253437,2024.0,20210901,13152140.0,2.0486112823
540,2021-09-02 09:37:25.055,2303,11.0,255397,1960.0,20210902,13223511.0,2.0590600836
541,2021-09-03 09:44:30.979,2308,5.0,257105,1708.0,20210903,13286677.0,2.0631981163
542,2021-09-04 09:41:36.458,2315,7.0,258908,1803.0,20210904,13350356.0,2.0712936609
543,2021-09-05 10:48:36.114,2321,6.0,260398,1490.0,20210905,13382733.0,2.0818451237
544,2021-09-06 09:43:09.889,2327,6.0,261773,1375.0,20210906,13416743.0,2.0899330761
545,2021-09-07 09:39:03.178,2330,3.0,263370,1597.0,20210907,13468412.0,2.0933234213
546,2021-09-08 09:39:50.468,2334,4.0,265417,2047.0,20210908,13519664.0,2.1029508357
547,2021-09-09 09:40:59.551,2343,9.0,267466,2049.0,20210909,13568869.0,2.1108607132
548,2021-09-10 09:40:06.372,2348,5.0,269359,1893.0,20210910,13615055.0,2.1165404367
549,2021-09-11 09:42:37.082,2358,10.0,271223,1864.0,20210911,13665460.0,2.1238438972
550,2021-09-12 09:35:58.19,2359,1.0,272978,1755.0,20210912,13704173.0,2.133681795
551,2021-09-13 09:40:59.629,2360,1.0,274411,1433.0,20210913,13735740.0,2.1421622059
552,2021-09-14 09:45:02.459,2367,7.0,275919,1508.0,20210914,13790239.0,2.1429205506
553,2021-09-15 09:51:20.667,2380,13.0,277984,2065.0,20210915,13839087.0,2.1507521063
554,2021-09-16 09:51:44.269,2386,6.0,279926,1942.0,20210916,13890499.0,2.1581912906
555,2021-09-17 10:15:01.593,2389,3.0,281934,2008.0,20210917,13938955.0,2.1657706317
556,2021-09-18 09:58:15.323,2394,5.0,284021,2087.0,20210918,13986615.0,2.1732822659
557,2021-09-19 09:31:46.109,2403,9.0,285930,1909.0,20210919,14020498.0,2.1846289164
558,2021-09-20 09:09:41.18,2409,6.0,287534,1604.0,20210920,14050974.0,2.1953447092
559,2021-09-21 09:39:49.437,2413,4.0,289263,1729.0,20210921,14081284.0,2.2055202395
560,2021-09-22 09:35:53.93,2419,6.0,290983,1720.0,20210922,14112435.0,2.2187986844
561,2021-09-23 10:01:14.491,2427,8.0,292698,1715.0,20210923,14151069.0,2.2315508683
562,2021-09-24 09:53:29.116,2434,7.0,295127,2429.0,20210924,14221682.0,2.2373051937
563,2021-09-25 10:49:15.225,2441,7.0,298397,3270.0,20210925,14285337.0,2.2556083498
564,2021-09-26 09:38:04.296,2450,9.0,301165,2768.0,20210926,14325932.0,2.2765394695
565,2021-09-27 10:08:41.366,2456,6.0,303546,2381.0,20210927,14365928.0,2.2916366729
566,2021-09-28 09:57:34.945,2464,8.0,305834,2288.0,20210928,14425565.0,2.3012044013
567,2021-09-29 09:58:03.378,2474,10.0,308715,2881.0,20210929,14485251.0,2.3128818186
568,2021-09-30 09:58:40.205,2481,7.0,311276,2561.0,20210930,14544246.0,2.3238937994
569,2021-10-01 09:57:42.109,2497,16.0,313760,2484.0,20211001,14596211.0,2.3367517214
570,2021-10-02 09:52:30.389,2504,7.0,316007,2247.0,20211002,14644685.0,2.3468498991
571,2021-10-03 10:22:27.003,2507,3.0,318092,2085.0,20211003,14675115.0,2.3610926678
572,2021-10-04 09:50:15.715,2513,6.0,319762,1670.0,20211004,14701211.0,2.3712389557
573,2021-10-05 09:54:11.433,2524,11.0,321336,1574.0,20211005,14731627.0,2.3797170401
574,2021-10-06 09:49:43.197,2536,12.0,323363,2027.0,20211006,14780938.0,2.384482953
575,2021-10-07 09:48:27.592,2544,8.0,325788,2425.0,20211007,14833965.0,2.3965178152
576,2021-10-08 09:46:59.694,2554,10.0,327959,2171.0,20211008,14882186.0,2.4027481497
577,2021-10-09 09:42:58.176,2560,6.0,329912,1953.0,20211009,14925863.0,2.4118597481
578,2021-10-10 09:40:09.109,2575,15.0,331506,1594.0,20211010,14951646.0,2.4215310314
579,2021-10-11 09:36:36.635,2583,8.0,332803,1297.0,20211011,14977407.0,2.4253840387
580,2021-10-12 10:34:11.074,2594,11.0,334149,1346.0,20211012,15007572.0,2.4335792555
581,2021-10-13 09:35:45.02,2605,11.0,335732,1583.0,20211013,15062412.0,2.436982744
582,2021-10-14 09:34:17.552,2618,13.0,337671,1939.0,20211014,15106360.0,2.4451502864
583,2021-10-15 09:39:06.702,2626,8.0,339354,1683.0,20211015,15152521.0,2.4513858745
584,2021-10-16 09:35:29.169,2644,18.0,340971,1617.0,20211016,15198187.0,2.4521548219
585,2021-10-17 10:04:43.41,2660,16.0,342391,1420.0,20211017,15220864.0,2.4617514369
586,2021-10-18 09:39:38.125,2668,8.0,343441,1050.0,20211018,15246346.0,2.466224513
587,2021-10-19 09:37:01.052,2689,21.0,344514,1073.0,20211019,15296830.0,2.4655589015
588,2021-10-20 09:37:29.36,2698,9.0,346085,1571.0,20211020,15344729.0,2.4685802309
589,2021-10-21 09:43:46.67,2709,11.0,347526,1441.0,20211021,15392004.0,2.4721894162
590,2021-10-22 09:40:09.614,2725,16.0,348964,1438.0,20211022,15437382.0,2.4731308076
591,2021-10-23 10:02:54.872,2745,20.0,350472,1508.0,20211023,15481469.0,2.4782031513
592,2021-10-24 09:33:19.08,2766,21.0,351893,1421.0,20211024,15504979.0,2.4867673642
593,2021-10-25 09:45:03.736,2773,7.0,353083,1190.0,20211025,15530472.0,2.4931384199
594,2021-10-26 09:39:33.439,2788,15.0,354355,1272.0,20211026,15579430.0,2.4932471843
595,2021-10-27 10:10:24.763,2797,9.0,356300,1945.0,20211027,15628306.0,2.5019099621
596,2021-10-28 09:33:44.198,2808,11.0,358411,2111.0,20211028,15678186.0,2.5082902607
597,2021-10-29 09:31:17.46,2817,9.0,360532,2121.0,20211029,15730782.0,2.5085565147
598,2021-10-30 09:42:07.803,2830,13.0,362636,2104.0,20211030,15775697.0,2.5166866619
599,2021-10-31 09:17:32.729,2849,19.0,364697,2061.0,20211031,15804062.0,2.5296141387
600,2021-11-01 06:42:25.145,2858,9.0,366382,1685.0,20211101,15849300.0,2.5398746637
601,2021-11-02 09:30:05.194,2874,16.0,367970,1588.0,20211102,15905185.0,2.5445079716
602,2021-11-03 09:28:24.308,2892,18.0,370637,2667.0,20211103,15953526.0,2.5556917627
603,2021-11-04 09:27:32.684,2916,24.0,373119,2482.0,20211104,16001231.0,2.5668151436
604,2021-11-05 09:27:51.19,2936,20.0,375462,2343.0,20211105,16051667.0,2.5757787802
605,2021-11-06 09:37:28.182,2956,20.0,377708,2246.0,20211106,16099185.0,2.5822658496
606,2021-11-07 09:29:07.692,2967,11.0,379933,2225.0,20211107,16130872.0,2.5963907494
607,2021-11-08 09:28:41.663,2980,13.0,381687,1754.0,20211108,16160828.0,2.6067095314
608,2021-11-09 09:24:09.116,2998,18.0,383404,1717.0,20211109,16212870.0,2.6095236409
609,2021-11-10 09:28:27.999,3012,14.0,385829,2425.0,20211110,16261877.0,2.6177317437
610,2021-11-11 09:27:17.639,3033,21.0,388347,2518.0,20211111,16312771.0,2.6310586971
611,2021-11-12 09:27:05.279,3051,18.0,390715,2368.0,20211112,16361028.0,2.6423856059
612,2021-11-13 09:30:57.908,3083,32.0,393039,2324.0,20211113,16408598.0,2.6527467749
613,2021-11-14 09:44:03.248,3103,20.0,395457,2418.0,20211114,16440427.0,2.6672941166
614,2021-11-15 09:35:56.024,3115,12.0,397461,2004.0,20211115,16470969.0,2.6790554752
615,2021-11-16 08:39:32.225,3137,22.0,399583,2122.0,20211116,16525384.0,2.6803405626
616,2021-11-17 08:48:17.282,3158,21.0,402772,3189.0,20211117,16575880.0,2.6964960387
617,2021-11-18 08:34:37.757,3187,29.0,406064,3292.0,20211118,16631273.0,2.7106180403
618,2021-11-19 08:54:43.169,3215,28.0,409097,3033.0,20211119,16684168.0,2.7234260964
619,2021-11-20 08:51:26.319,3244,29.0,412302,3205.0,20211120,16740119.0,2.7401775942
620,2021-11-21 09:05:22.138,3274,30.0,415422,3120.0,20211121,16777679.0,2.7608226124
621,2021-11-22 09:07:45.615,3298,24.0,418249,2827.0,20211122,16816616.0,2.7782488467
622,2021-11-23 08:59:47.863,3328,30.0,420946,2697.0,20211123,16878955.0,2.7879081456
623,2021-11-24 09:08:22.071,3362,34.0,425059,4113.0,20211124,16939923.0,1.5564347660428572
624,2021-11-25 09:00:47.897,3401,39.0,428996,3937.0,20211125,16998733.0,1.5564347660428572
625,2021-11-26 09:03:03.973,3440,39.0,432892,3896.0,20211126,17056003.0,1.5564347660428572
626,2021-11-27 09:32:36.026,3492,52.0,436959,4067.0,20211127,17115754.0,1.5564347660428572
627,2021-11-28 08:58:53.394,3548,56.0,440884,3925.0,20211128,17158535.0,1.5564347660428572
628,2021-11-29 09:05:16.736,3580,32.0,444191,3307.0,20211129,17200325.0,1.5564347660428572
629,2021-11-30 09:02:25.81,3624,44.0,447222,3031.0,20211130,17265258.0,1.5564347660428572
630,2021-12-01 09:01:08.27,3658,34.0,452344,5122.0,20211201,17329295.0,1.5564347660428572
631,2021-12-02 19:20:16.0,3705,47.0,457607,5263.0,20211202,17391434.0,1.5564347660428572
632,2021-12-03 09:09:08.418,3739,34.0,462551,4944.0,20211203,17457487.0,1.5564347660428572
633,2021-12-04 09:08:47.492,3809,70.0,467903,5352.0,20211204,17527015.0,1.5564347660428572
634,2021-12-05 08:34:20.927,3852,43.0,473028,5125.0,20211205,17577570.0,1.5564347660428572
635,2021-12-06 09:00:01.23,3893,41.0,477352,4324.0,20211206,17628218.0,1.5564347660428572
636,2021-12-07 09:03:37.814,3957,64.0,482305,4953.0,20211207,17709512.0,1.5564347660428572
637,2021-12-08 08:56:34.509,4020,63.0,489478,7173.0,20211208,17787657.0,1.5564347660428572
638,2021-12-09 09:05:11.285,4077,57.0,496853,7375.0,20211209,17870821.0,1.5564347660428572
639,2021-12-10 09:04:53.786,4130,53.0,503601,6748.0,20211210,17950721.0,1.5564347660428572
640,2021-12-11 06:19:00.000,4210,80.0,510578,6977.0,20211211,18024403.0,1.5564347660428572
641,2021-12-12 08:35:19.089,4252,42.0,517259,6681.0,20211212,18084589.0,1.5564347660428572
642,2021-12-13 09:00:10.891,4292,40.0,523075,5816.0,20211213,18140572.0,1.5564347660428572
643,2021-12-14 09:05:48.519,4386,94.0,528642,5567.0,20211214,18224740.0,1.5564347660428572
644,2021-12-15 09:02:08.087,4456,70.0,536491,7849.0,20211215,18298675.0,1.5564347660428572
645,2021-12-16 09:09:11.111,4518,62.0,544110,7619.0,20211216,18381569.0,1.5564347660428572
646,2021-12-17 09:07:19.97,4591,73.0,551544,7434.0,20211217,18460563.0,1.5564347660428572
647,2021-12-18 09:10:13.455,4644,53.0,558854,7310.0,20211218,18539009.0,1.5564347660428572
648,2021-12-19 09:00:28.825,4722,78.0,565087,6233.0,20211219,18593165.0,1.5564347660428572
649,2021-12-20 09:02:35.235,4776,54.0,570403,5316.0,20211220,18645857.0,1.5564347660428572
650,2021-12-21 09:01:45.74,4828,52.0,575595,5192.0,20211221,18718803.0,1.5564347660428572
651,2021-12-22 09:18:12.299,4906,78.0,583047,7452.0,20211222,18786344.0,1.5564347660428572
652,2021-12-23 08:52:40.512,5015,109.0,589961,6914.0,20211223,18859285.0,1.5564347660428572
653,2021-12-24 09:02:52.845,5071,56.0,596194,6233.0,20211224,18929158.0,1.5564347660428572
654,2021-12-25 07:33:26.751,5176,105.0,602034,5840.0,20211225,18994820.0,1.5564347660428572
655,2021-12-26 07:59:54.187,5245,69.0,607447,5413.0,20211226,19040194.0,1.5564347660428572
656,2021-12-27 08:59:50.623,5300,55.0,611650,4203.0,20211227,19082135.0,1.5564347660428572
657,2021-12-28 09:01:15.646,5346,46.0,615514,3864.0,20211228,19141481.0,1.5564347660428572
658,2021-12-29 08:56:22.982,5382,36.0,620921,5407.0,20211229,19196738.0,1.5564347660428572
659,2021-12-30 09:06:07.06,5455,73.0,625955,5034.0,20211230,19251165.0,1.5564347660428572
660,2021-12-31 09:04:09.35,5563,108.0,630828,4873.0,20211231,19309072.0,1.5564347660428572
661,2022-01-01 09:02:39.218,5625,62.0,635243,4415.0,20220101,19364122.0,1.5564347660428572
662,2022-01-02 08:57:24.688,5694,69.0,639074,3831.0,20220102,19456900.0,1.5564347660428572
663,2022-01-03 08:58:35.591,5730,36.0,642199,3125.0,20220103,19546883.0,1.5564347660428572
664,2022-01-04 09:04:35.476,5781,51.0,645220,3021.0,20220104,19671880.0,1.5564347660428572
665,2022-01-05 09:01:59.247,5838,57.0,649661,4441.0,20220105,19778824.0,1.5564347660428572
666,2022-01-06 08:59:04.372,5887,49.0,653783,4122.0,20220106,19875047.0,1.5564347660428572
667,2022-01-07 09:04:22.334,5932,45.0,657496,3713.0,20220107,19971712.0,1.5564347660428572
668,2022-01-08 08:38:42.084,5986,54.0,661003,3507.0,20220108,20046220.0,1.5564347660428572
669,2022-01-09 08:47:53.411,6037,51.0,664374,3371.0,20220109,20099870.0,1.5564347660428572
670,2022-01-10 09:06:03.096,6071,34.0,667379,3005.0,20220110,20148476.0,1.5564347660428572
671,2022-01-11 09:07:41.087,6114,43.0,670471,3092.0,20220111,20215297.0,1.5564347660428572
672,2022-01-12 09:08:49.646,6166,52.0,674854,4383.0,20220112,20277357.0,1.5564347660428572
673,2022-01-13 08:43:16.692,6210,44.0,679018,4164.0,20220113,20329715.0,1.5564347660428572
674,2022-01-14 08:59:27.905,6259,49.0,683556,4538.0,20220114,20389154.0,1.5564347660428572
675,2022-01-15 08:17:22.717,6281,22.0,687975,4419.0,20220115,20446099.0,1.5564347660428572
676,2022-01-16 09:31:40.897,6310,29.0,692164,4189.0,20220116,20489023.0,1.5564347660428572
677,2022-01-17 09:03:38.424,6333,23.0,696018,3854.0,20220117,20527722.0,1.5564347660428572
678,2022-01-18 09:03:38.28,6378,45.0,700080,4062.0,20220118,20588481.0,1.5564347660428572
679,2022-01-19 09:01:30.801,6452,74.0,705883,5803.0,20220119,20649522.0,1.5564347660428572
680,2022-01-20 09:15:13.261,6480,28.0,712483,6600.0,20220120,20709568.0,1.5564347660428572
681,2022-01-21 08:55:49.63,6501,21.0,719249,6766.0,20220121,20765930.0,1.5564347660428572
682,2022-01-22 07:26:15.458,6529,28.0,726253,7004.0,20220122,20838500.0,1.5564347660428572
683,2022-01-23 08:13:23.247,6540,11.0,733879,7626.0,20220123,20892539.0,1.5564347660428572
684,2022-01-24 08:59:37.815,6565,25.0,741390,7511.0,20220124,20943638.0,1.5564347660428572
685,2022-01-25 08:58:23.511,6588,23.0,749960,8570.0,20220125,21026346.0,1.5564347660428572
686,2022-01-26 08:59:34.44,6620,32.0,762969,13009.0,20220126,21110639.0,1.5564347660428572
687,2022-01-27 09:04:10.687,6654,34.0,777483,14514.0,20220127,21196354.0,1.5564347660428572
688,2022-01-28 09:04:52.588,6678,24.0,793576,16093.0,20220128,21269304.0,1.5564347660428572
689,2022-01-29 08:46:05.752,6712,34.0,811089,17513.0,20220129,21377393.0,1.5564347660428572
690,2022-01-30 09:13:00.269,6732,20.0,828611,17522.0,20220130,21448119.0,1.5564347660428572
691,2022-01-31 09:22:37.347,6755,23.0,845688,17077.0,20220131,21518073.0,1.5564347660428572
692,2022-02-01 09:06:24.411,6772,17.0,864026,18338.0,20220201,7545057.472543352,1.5564347660428572
693,2022-02-02 09:04:49.92,6787,15.0,884294,20268.0,20220202,7545057.472543352,1.5564347660428572
694,2022-02-03 08:46:14.856,6812,25.0,907200,22906.0,20220203,7545057.472543352,1.5564347660428572
695,2022-02-04 08:58:40.476,6836,24.0,934638,27438.0,20220204,7545057.472543352,1.5564347660428572
696,2022-02-05 10:25:08.782,6858,22.0,970983,36345.0,20220205,7545057.472543352,1.5564347660428572
697,2022-02-06 09:21:40.142,6873,15.0,1009672,38689.0,20220206,7545057.472543352,1.5564347660428572
698,2022-02-07 09:01:20.8,6886,13.0,1044955,35283.0,20220207,7545057.472543352,1.5564347660428572
699,2022-02-08 10:14:19.994,6922,36.0,1081672,36717.0,20220208,7545057.472543352,1.5564347660428572
700,2022-02-09 10:37:00.08,6943,21.0,1131239,49567.0,20220209,7545057.472543352,1.5564347660428572
701,2022-02-10 09:04:23.377,6963,20.0,1185361,54122.0,20220210,7545057.472543352,1.5564347660428572
702,2022-02-11 08:37:42.029,7012,49.0,1239264,53903.0,20220211,7545057.472543352,1.5564347660428572
703,2022-02-12 09:06:44.105,7045,33.0,1294199,54935.0,20220212,7545057.472543352,1.5564347660428572
704,2022-02-13 08:50:26.798,7081,36.0,1350627,56428.0,20220213,7545057.472543352,1.5564347660428572
705,2022-02-14 09:01:51.395,7102,21.0,1405244,54617.0,20220214,7545057.472543352,1.5564347660428572
706,2022-02-15 09:01:44.846,7163,61.0,1462408,57164.0,20220215,7545057.472543352,1.5564347660428572
707,2022-02-16 09:20:27.8,7202,39.0,1552843,90435.0,20220216,7545057.472543352,1.5564347660428572
708,2022-02-17 08:52:05.139,7238,36.0,1645975,93132.0,20220217,7545057.472543352,1.5564347660428572
709,2022-02-18 09:04:59.618,7283,45.0,1755798,109823.0,20220218,7545057.472543352,1.5564347660428572
710,2022-02-19 09:00:04.109,7354,71.0,1858008,102210.0,20220219,7545057.472543352,1.5564347660428572
711,2022-02-20 08:51:11.122,7405,51.0,1962822,104814.0,20220220,7545057.472543352,1.5564347660428572
712,2022-02-21 09:05:08.307,7450,45.0,2058161,95339.0,20220221,7545057.472543352,1.5564347660428572
713,2022-02-22 09:06:38.772,7508,58.0,2157730,99569.0,20220222,7545057.472543352,1.5564347660428572
714,2022-02-23 09:12:48.876,7607,99.0,2329172,171442.0,20220223,7545057.472543352,1.5564347660428572
715,2022-02-24 09:45:42.528,7689,82.0,2499187,170015.0,20220224,7545057.472543352,1.5564347660428572
716,2022-02-25 09:19:35.533,7783,94.0,2665074,165887.0,20220225,7545057.472543352,1.5564347660428572
717,2022-02-26 09:10:30.918,7895,112.0,2831275,166201.0,20220226,7545057.472543352,1.5564347660428572
718,2022-02-27 08:54:59.059,7944,49.0,2994830,163555.0,20220227,7545057.472543352,1.5564347660428572
719,2022-02-28 08:56:05.34,8058,114.0,3134456,139626.0,20220228,7545057.472543352,1.5564347660428572
